word,mul_info,left_entropy,right_entropy,head_prob,tail_prob
管理节能工作的部门,0.104536,0.498626,0.753095,0.387978,0.126761
标准化行政主管部门,0.131970,0.360197,0.909776,0.307116,0.126761
污染物排放总量控制,0.066051,0.430304,0.230271,0.379630,0.507246
级人民政府应当组织,0.018266,0.303002,0.535952,0.339286,0.605114
级人民政府有关部门,0.047182,0.412079,0.684282,0.339286,0.126761
监督管理职责的部门,0.114878,0.218001,0.656135,0.215976,0.126761
级人民政府生态环境,0.030079,0.450388,0.271545,0.339286,0.347826
部门和其他有关部门,0.069202,0.542317,0.613573,0.126761,0.126761
污染防治的监督管理,0.024601,0.501281,0.115530,0.379630,0.387978
由县级以上人民政府,0.434383,0.103372,0.934794,0.012821,0.376324
企业事业单位和其他,0.140659,0.590127,0.120407,0.770950,0.025641
主管部门会同国务院,0.214294,0.681587,0.567786,0.017982,0.127424
经济和社会发展计划,0.056429,0.068025,0.613290,0.305709,0.239852
颁发海域使用权证书,0.027819,0.531684,0.466987,0.240000,0.101770
届全国人民代表大会,0.389052,0.692198,0.127606,0.361702,0.012907
污染事故的调查处理,0.006689,0.348312,0.336870,0.379630,0.405738
人民政府指定的部门,0.029337,0.185775,0.696628,0.242506,0.126761
环境污染和生态破坏,0.035869,0.391321,0.414631,0.347826,0.057143
国务院卫生行政部门,0.079413,0.764893,0.819600,0.018242,0.126761
管理部门会同国务院,0.024554,0.201805,0.372524,0.387978,0.127424
规划的环境影响评价,0.016450,0.494819,0.478564,0.304167,0.072165
符合控制性详细规划,0.007659,0.348312,0.336870,0.271605,0.304167
国民经济和社会发展,0.141134,0.611329,0.325186,0.019821,0.118442
保护和改善生态环境,0.019290,0.428579,0.244175,0.084531,0.347826
污染防治的科学研究,0.003795,0.219760,0.212541,0.379630,0.809984
行政主管部门的规定,0.028479,0.355394,0.542052,0.108902,0.083333
国家鼓励单位和个人,0.022844,0.119454,0.531353,0.097527,0.328042
农民集体所有的土地,0.043443,0.712073,0.440578,0.033670,0.100358
管理部门和有关部门,0.026468,0.103067,0.333892,0.387978,0.126761
基层群众性自治组织,0.018901,0.421565,0.310129,0.028571,0.605114
农业和农村经济发展,0.016538,0.568072,0.195176,0.193042,0.118442
环境保护和环境卫生,0.009428,0.219760,0.212541,0.347826,0.271104
船舶及有关作业活动,0.013670,0.334459,0.323472,0.080000,0.301333
属于国家所有的档案,0.013490,0.422364,0.408489,0.026178,0.581818
国家水环境质量标准,0.012825,0.301281,0.291383,0.097527,0.307116
遵守中华人民共和国,0.010145,0.329641,0.318812,0.115385,0.248349
国家污染物排放标准,0.009604,0.329641,0.318812,0.097527,0.307116
长江流域水环境质量,0.016874,0.494819,0.266023,0.061879,0.211679
项目的环境影响评价,0.050291,0.074123,0.444618,0.230769,0.072165
建设项目的环境影响,0.054721,0.427372,0.138156,0.117526,0.069444
部门应当会同国务院,0.058222,0.062939,0.443249,0.126761,0.127424
国务院气象主管机构,0.054584,0.571304,0.735673,0.018242,0.062372
环境噪声污染的设备,0.009943,0.178287,0.172430,0.347826,0.244552
煤矿矿区的生产秩序,0.003930,0.219760,0.212541,0.136986,1.000000
地方各级监察委员会,0.007068,0.348312,0.336870,0.040057,0.744538
五十万元以下的罚款,0.096562,0.045181,0.243407,0.179757,0.122449
地方污染物排放标准,0.009689,0.439521,0.425082,0.040057,0.307116
销售者或者其他组织,0.003761,0.219760,0.212541,0.200935,0.605114
禁止任何单位和个人,0.010334,0.178287,0.425082,0.082090,0.328042
人民政府应当将环境,0.006150,0.201805,0.195176,0.242506,0.347826
生态环境等主管部门,0.021471,0.329641,0.584488,0.037634,0.126761
国务院能源主管部门,0.039819,0.353941,0.604121,0.018242,0.126761
环境影响评价的规划,0.003610,0.219760,0.212541,0.347826,0.304167
规划的组织编制机关,0.006517,0.348312,0.336870,0.304167,0.074642
市人民政府生态环境,0.039565,0.207975,0.078902,0.076164,0.347826
国家声环境质量标准,0.010038,0.178287,0.318812,0.097527,0.307116
农业和农村经济结构,0.007008,0.348312,0.195176,0.193042,0.171429
人民政府应当加强对,0.055473,0.298990,0.835741,0.242506,0.004684
的地方各级人民政府,0.026820,0.193673,0.493505,0.016129,0.376324
企业应当按照国务院,0.003382,0.219760,0.212541,0.770950,0.127424
民族自治地方的自治,0.031806,0.280769,0.093411,0.083695,0.220327
部门会同国务院财政,0.006467,0.348312,0.195176,0.126761,0.273006
地方规定的排放标准,0.021478,0.178287,0.298756,0.040057,0.307116
国务院煤炭管理部门,0.022333,0.528664,0.511297,0.018242,0.126761
规划和环境保护规划,0.003192,0.219760,0.212541,0.304167,0.304167
由省级以上人民政府,0.042917,0.228314,0.570160,0.006410,0.376324
产品和包装物的设计,0.006723,0.201805,0.195176,0.184492,0.273608
使用本集体经济组织,0.003709,0.219760,0.212541,0.127119,0.605114
环境噪声污染的工业,0.006626,0.201805,0.195176,0.347826,0.140459
会同国务院有关部门,0.195100,0.162076,0.651775,0.004587,0.126761
级人民政府环境保护,0.006069,0.348312,0.195176,0.339286,0.084531
污染环境和破坏生态,0.006799,0.348312,0.336870,0.379630,0.037634
报告报地方人民政府,0.009426,0.178287,0.172430,0.103659,0.376324
农业生产资料的生产,0.006287,0.348312,0.336870,0.193042,0.079301
部门未依照本法规定,0.015415,0.320663,0.212541,0.126761,0.083333
中央军事委员会主席,0.014808,0.422364,0.408489,0.068890,0.060939
申请的行政主管部门,0.012066,0.213376,0.291383,0.110656,0.126761
企业未依照本法规定,0.003402,0.219760,0.212541,0.770950,0.083333
国家监察委员会主任,0.010179,0.439521,0.318812,0.097527,0.071928
垃圾污染环境的防治,0.009836,0.178287,0.212541,1.000000,0.026578
野生动物及其栖息地,0.040999,0.665212,0.492208,0.066079,0.010989
放射性废物处置设施,0.026267,0.531684,0.260234,0.047325,0.055690
卫生健康等主管部门,0.007037,0.201805,0.195176,0.271104,0.126761
国务院有关主管部门,0.020902,0.384581,0.511297,0.018242,0.126761
行政许可的实施机关,0.017946,0.189680,0.330854,0.108902,0.074642
放射性污染防治工作,0.010011,0.439521,0.318812,0.047325,0.125909
国务院林业主管部门,0.018300,0.365791,0.535952,0.018242,0.126761
社会主义的公共财产,0.003704,0.219760,0.212541,0.518587,0.092025
单位和个人都有保护,0.013146,0.213376,0.408489,0.082515,0.084531
环境影响评价的基础,0.007424,0.348312,0.195176,0.347826,0.045238
商业经营活动中使用,0.007033,0.201805,0.336870,0.129506,0.127119
行政主管部门对全国,0.006001,0.201805,0.336870,0.108902,0.175279
级人民政府应当根据,0.009310,0.178287,0.425082,0.339286,0.032520
档案馆或者有关机关,0.003784,0.219760,0.212541,0.581818,0.074642
行政许可的设定机关,0.008838,0.329641,0.318812,0.108902,0.074642
按照国务院生态环境,0.031340,0.480551,0.093411,0.015385,0.347826
大气污染物排放标准,0.029239,0.537630,0.416785,0.003741,0.307116
化工园区和化工项目,0.007234,0.201805,0.336870,0.064516,0.230769
市人民政府应当组织,0.003267,0.219760,0.212541,0.076164,0.605114
林业和草原主管部门,0.009472,0.329641,0.425082,0.040678,0.126761
部门负责本行政区域,0.024726,0.269073,0.162425,0.126761,0.047319
发展农业和农村经济,0.003639,0.219760,0.212541,0.118442,0.305709
国务院建设主管部门,0.015089,0.320663,0.549411,0.018242,0.126761
自然资源等主管部门,0.013013,0.213376,0.291383,0.059345,0.126761
预防和治理水土流失,0.019740,0.554157,0.535952,0.104839,0.009868
核安全监督管理部门,0.186430,0.027239,0.818318,0.011152,0.126761
行政强制的设定机关,0.005976,0.348312,0.336870,0.108902,0.074642
全国人民代表大会常,0.519320,0.462626,0.011698,0.175279,0.011468
林地和林地上的森林,0.015916,0.275058,0.380976,0.013559,0.244792
主管部门和有关部门,0.017623,0.303002,0.452306,0.017982,0.126761
规划的实施情况进行,0.003361,0.219760,0.212541,0.304167,0.113703
都是中华人民共和国,0.003673,0.219760,0.212541,0.126678,0.248349
级人民政府应当按照,0.015126,0.142849,0.478564,0.339286,0.015385
行政许可有效期届满,0.017033,0.201805,0.336870,0.108902,0.042553
地方各级人民检察院,0.006759,0.348312,0.195176,0.040057,0.282282
环境影响报告书结论,0.011108,0.439521,0.212541,0.347826,0.014286
行政法规的规定予以,0.008615,0.178287,0.172430,0.108902,0.178571
中华人民共和国宪法,0.022522,0.252468,0.329183,0.029353,0.093023
级人民政府根据国家,0.003279,0.219760,0.212541,0.339286,0.097527
人民法院的审判工作,0.003520,0.219760,0.212541,0.242506,0.125909
引起经血液传播疾病,0.008782,0.201805,0.195176,0.047393,0.304348
人民政府规定的期限,0.008945,0.178287,0.318812,0.242506,0.040000
保护和改善生活环境,0.003515,0.219760,0.212541,0.084531,0.347826
环境噪声污染的单位,0.003563,0.219760,0.212541,0.347826,0.082515
国家规定的防洪标准,0.003396,0.219760,0.212541,0.097527,0.307116
人民政府及其负责人,0.012266,0.213376,0.291383,0.242506,0.025641
发展循环经济的信息,0.003857,0.219760,0.212541,0.118442,0.221889
市人民政府环境保护,0.054635,0.065373,0.201798,0.076164,0.084531
部门编制本行政区域,0.006379,0.348312,0.336870,0.126761,0.047319
放射性废物处置单位,0.016815,0.348312,0.195176,0.047325,0.082515
中华人民共和国领域,0.057840,0.182725,0.325066,0.029353,0.043478
放射性固体废物处置,0.016964,0.568072,0.380976,0.047325,0.024590
发展多种形式的农业,0.003993,0.219760,0.212541,0.118442,0.193042
野生动物或者其制品,0.009785,0.329641,0.172430,0.066079,0.114007
的人民代表大会代表,0.009793,0.219760,0.212541,0.056452,0.160121
进行核安全监督检查,0.003681,0.219760,0.212541,0.113703,0.204787
依法进行的监督检查,0.006413,0.201805,0.195176,0.077206,0.204787
废物污染环境的防治,0.039617,0.130026,0.554855,0.050505,0.026578
共同的上级人民政府,0.003170,0.219760,0.212541,0.068768,0.376324
任何单位和个人不得,0.059404,0.392558,0.697427,0.014706,0.015945
级人民政府应当统筹,0.009609,0.178287,0.172430,0.339286,0.037618
放射性污染防治设施,0.013052,0.334459,0.323472,0.047325,0.055690
国务院其他有关部门,0.015237,0.393916,0.266023,0.018242,0.126761
处五万元以下的罚款,0.058393,0.345856,0.361367,0.004098,0.122449
直接负责的主管人员,0.267205,0.264970,0.019613,0.055375,0.047271
环境保护主管部门和,0.038971,0.467669,0.408331,0.347826,0.001403
海洋环境的监督管理,0.009554,0.178287,0.172430,0.031822,0.387978
征求国务院有关部门,0.015923,0.421565,0.310129,0.013699,0.126761
国家重点保护野生动,0.133608,0.795307,0.034501,0.097527,0.010081
或者上一级人民政府,0.003133,0.219760,0.212541,0.064516,0.376324
防止污染环境的措施,0.018600,0.216514,0.307933,0.004983,0.571429
工作中做出显著成绩,0.019458,0.494819,0.138156,0.125909,0.020818
参与国际标准化活动,0.004065,0.219760,0.212541,0.060729,0.301333
法律法规和相关标准,0.012507,0.158651,0.153439,0.036771,0.307116
可再生能源开发利用,0.088090,0.739333,0.665976,0.004054,0.019162
建设工程规划许可证,0.022574,0.473724,0.478217,0.117526,0.005405
逃避监管的方式排放,0.017848,0.320663,0.310129,0.060976,0.029197
编制环境影响报告书,0.027625,0.385177,0.352338,0.067961,0.012121
机动车排放检验机构,0.010731,0.439521,0.425082,0.024540,0.062372
行政主管部门和其他,0.014798,0.275058,0.266023,0.108902,0.025641
向人民法院提起诉讼,0.048531,0.560225,0.292303,0.002188,0.173077
采取无害化处置措施,0.007269,0.201805,0.195176,0.016393,0.571429
全国人民代表大会和,0.034438,0.554248,0.138156,0.175279,0.005734
违反本法规定的行为,0.009202,0.329641,0.172430,0.093333,0.053977
规划的内容应当包括,0.013521,0.510268,0.291383,0.304167,0.004301
根据本行政区域经济,0.006708,0.201805,0.195176,0.032520,0.305709
需要安置的农业人口,0.006781,0.348312,0.195176,0.194444,0.029208
部门按照国务院规定,0.006221,0.201805,0.195176,0.126761,0.083333
经县级以上人民政府,0.024258,0.403610,0.372524,0.001842,0.376324
国家工作人员的违法,0.003166,0.219760,0.212541,0.097527,0.173333
协调国务院有关部门,0.006495,0.201805,0.336870,0.044487,0.126761
学校应当对学生进行,0.007020,0.201805,0.336870,0.045881,0.113703
中华人民共和国管辖,0.072235,0.629778,0.281619,0.029353,0.006557
会同国务院经济综合,0.016565,0.348312,0.138156,0.004587,0.658537
中华人民共和国劳动,0.006768,0.201805,0.195176,0.029353,0.307522
中华人民共和国缔结,0.020251,0.252468,0.125755,0.029353,0.125000
市人民政府有关部门,0.006014,0.201805,0.195176,0.076164,0.126761
重点保护的野生动物,0.012905,0.158651,0.408489,0.030263,0.089686
建设单位在取得建设,0.003507,0.219760,0.212541,0.117526,0.117526
中华人民共和国境内,0.025038,0.452446,0.514218,0.029353,0.013072
环境质量标准的地方,0.003367,0.219760,0.212541,0.347826,0.040057
主管部门和其他负有,0.055305,0.197728,0.420509,0.017982,0.025974
产生危险废物的单位,0.022261,0.285424,0.371947,0.010695,0.082515
交通运输和社会生活,0.003907,0.219760,0.212541,0.184989,0.061156
控制非农业建设占用,0.003725,0.219760,0.212541,0.507246,0.023392
重点区域内大气污染,0.003723,0.219760,0.212541,0.030263,0.379630
主管部门按照国务院,0.009318,0.439521,0.212541,0.017982,0.127424
生态环境保护和修复,0.031865,0.327688,0.619340,0.037634,0.008097
城市总体规划的编制,0.003604,0.219760,0.212541,0.169576,0.067961
依法取得的行政许可,0.015196,0.348312,0.336870,0.077206,0.013986
乡村建设规划许可证,0.023153,0.494461,0.458162,0.067873,0.005405
部门会同国务院有关,0.173230,0.393386,0.063225,0.126761,0.003487
或者疑似传染病病人,0.007626,0.201805,0.336870,0.064516,0.055556
行政主管部门责令其,0.012165,0.334459,0.291383,0.108902,0.013889
部门主管本行政区域,0.012055,0.158651,0.153439,0.126761,0.047319
方面成绩显著的组织,0.004391,0.219760,0.212541,0.014026,0.605114
常务委员会组成人员,0.013455,0.158651,0.493505,0.034901,0.047271
危险废物等固体废物,0.006992,0.201805,0.195176,0.121951,0.050505
工程建设项目对海洋,0.013580,0.213376,0.153439,0.119754,0.031822
自治条例和单行条例,0.007153,0.201805,0.195176,0.220327,0.027273
禁止航行区域内航行,0.010680,0.329641,0.318812,0.082090,0.018277
进入中华人民共和国,0.009684,0.439521,0.212541,0.007289,0.248349
区域的大气环境质量,0.003488,0.219760,0.212541,0.047319,0.211679
重点大气污染物排放,0.026554,0.647788,0.106963,0.030263,0.029197
环境噪声污染的防治,0.003535,0.219760,0.212541,0.347826,0.026578
依据控制性详细规划,0.004118,0.219760,0.212541,0.025735,0.304167
采取有效的保护措施,0.003436,0.219760,0.212541,0.016393,0.571429
可再生能源发电企业,0.007027,0.348312,0.195176,0.004054,0.770950
市人民政府可以根据,0.015688,0.142849,0.266023,0.076164,0.032520
水行政主管部门或者,0.068253,0.475537,0.217621,0.003235,0.064516
设施应当符合经批准,0.006601,0.348312,0.195176,0.055690,0.058824
组织科学评估后制定,0.007493,0.201805,0.195176,0.605114,0.008143
超过污染物排放标准,0.006984,0.348312,0.195176,0.009967,0.307116
国家委托的收购单位,0.003783,0.219760,0.212541,0.097527,0.082515
禁止新建不符合国家,0.003796,0.219760,0.212541,0.082090,0.097527
参与传染病防治工作,0.003916,0.219760,0.212541,0.060729,0.125909
统一发布本行政区域,0.003532,0.219760,0.212541,0.175549,0.047319
禁止使用的猎捕工具,0.013981,0.158651,0.323472,0.082090,0.022943
劳动群众集体所有制,0.011144,0.219760,0.212541,0.307522,0.008368
规定的行政机关实施,0.008729,0.329641,0.212541,0.083333,0.026217
根据中华人民共和国,0.003487,0.219760,0.212541,0.032520,0.248349
国务院有关部门制定,0.072044,0.209719,0.563846,0.018242,0.008143
务委员会第六次会议,0.026839,0.110596,0.106963,0.034626,0.114679
机构应当按照国务院,0.003384,0.219760,0.212541,0.062372,0.127424
保护主管部门和其他,0.021254,0.119454,0.225565,0.084531,0.025641
海洋工程建设项目的,0.010003,0.178287,0.425082,0.031822,0.048673
部门按照各自的职责,0.009713,0.178287,0.172430,0.126761,0.031008
地生态环境主管部门,0.027254,0.254214,0.621030,0.002146,0.126761
的建设项目环境影响,0.016209,0.320663,0.195176,0.016129,0.069444
主管部门应当加强对,0.034273,0.538594,0.726528,0.017982,0.004684
废物鉴别标准和鉴别,0.007917,0.201805,0.195176,0.050505,0.070423
采用先进的科学技术,0.003820,0.219760,0.212541,0.012295,0.497288
的水污染物排放标准,0.006364,0.201805,0.336870,0.008065,0.307116
环境质量改善目标的,0.006920,0.201805,0.195176,0.347826,0.011236
使用的有毒有害物质,0.003471,0.219760,0.212541,0.127119,0.050802
采矿许可证颁发机关,0.007162,0.201805,0.195176,0.049180,0.074642
国务院价格主管部门,0.006552,0.201805,0.336870,0.018242,0.126761
放射性废物处置费用,0.007011,0.201805,0.336870,0.047325,0.045361
船舶装运污染危害性,0.004149,0.219760,0.212541,0.080000,0.065934
地区的财政转移支付,0.004013,0.219760,0.212541,0.227468,0.023188
废物处置场所的建设,0.003458,0.219760,0.212541,0.050505,0.117526
自然灾害等特殊情况,0.004472,0.219760,0.212541,0.059345,0.077093
行政主管部门在批准,0.003182,0.219760,0.212541,0.108902,0.058824
任何单位和个人都有,0.027046,0.201805,0.401928,0.014706,0.029362
按照国务院有关规定,0.006216,0.348312,0.336870,0.015385,0.083333
规划确定的建设用地,0.006126,0.201805,0.195176,0.304167,0.012480
中华人民共和国公民,0.062052,0.253652,0.525018,0.029353,0.003738
损害公共利益和他人,0.003750,0.219760,0.212541,0.054795,0.093333
进行涉及污染物排放,0.006836,0.201805,0.195176,0.113703,0.029197
配套的煤炭洗选设施,0.004437,0.219760,0.212541,0.076577,0.055690
参与和监督环境保护,0.003656,0.219760,0.212541,0.060729,0.084531
行政法规的规定办理,0.008753,0.178287,0.172430,0.108902,0.029412
部门和有关部门备案,0.006289,0.201805,0.195176,0.126761,0.027273
可再生能源发展基金,0.010618,0.329641,0.425082,0.004054,0.138095
放射性固体废物或者,0.006871,0.201805,0.195176,0.047325,0.064516
水行政主管部门负责,0.015133,0.320663,0.380976,0.003235,0.136364
主管部门的规定进行,0.005812,0.348312,0.195176,0.017982,0.113703
规定的环境噪声排放,0.016194,0.142849,0.138156,0.083333,0.029197
与生态环境主管部门,0.009423,0.439521,0.318812,0.004405,0.126761
级人民检察院检察长,0.003860,0.219760,0.212541,0.339286,0.012012
处置放射性固体废物,0.010354,0.178287,0.318812,0.024590,0.050505
减少对重要水生生物,0.003687,0.219760,0.212541,0.056738,0.074597
本行政区域土壤污染,0.006479,0.201805,0.195176,0.007435,0.379630
生态环境主管部门对,0.033579,0.340870,0.593517,0.037634,0.002805
决定的行政机关应当,0.011765,0.334459,0.408489,0.086093,0.005085
生态环境主管部门和,0.063401,0.580282,0.362326,0.037634,0.001403
草原承包经营者应当,0.010296,0.439521,0.425082,0.071895,0.005085
处二万元以下的罚款,0.019479,0.342091,0.209401,0.004098,0.122449
向水体倾倒船舶垃圾,0.004546,0.219760,0.212541,0.003282,1.000000
有关法律法规的规定,0.017415,0.252468,0.535952,0.003487,0.083333
用地由地方人民政府,0.003096,0.219760,0.212541,0.012480,0.376324
业行政主管部门负责,0.015107,0.421565,0.478564,0.001585,0.136364
向城乡规划主管部门,0.012973,0.422364,0.408489,0.002188,0.126761
级人民政府及其有关,0.072392,0.140549,0.051497,0.339286,0.003487
城乡规划的实施情况,0.003624,0.219760,0.212541,0.047382,0.077093
未经水行政主管部门,0.009122,0.178287,0.172430,0.016556,0.126761
国家核事故应急预案,0.007197,0.348312,0.195176,0.097527,0.012097
报国务院或者国务院,0.006276,0.201805,0.195176,0.018293,0.127424
批准转移该危险废物,0.004144,0.219760,0.212541,0.058824,0.050505
镇人民政府组织编制,0.006730,0.348312,0.336870,0.010582,0.067961
破坏森林资源的行为,0.003857,0.219760,0.212541,0.057143,0.053977
长江干流和重要支流,0.010939,0.439521,0.318812,0.061879,0.005797
可以依法向人民法院,0.006181,0.348312,0.195176,0.006757,0.193445
办理农用地转用审批,0.006922,0.348312,0.195176,0.029412,0.039106
水土流失预防和治理,0.019740,0.616945,0.535952,0.005391,0.015365
渔业资源增殖保护费,0.004053,0.219760,0.212541,0.168000,0.016667
产生的环境影响进行,0.006351,0.201805,0.336870,0.010695,0.113703
主管部门和长江流域,0.006565,0.348312,0.336870,0.017982,0.037829
专项规划的编制机关,0.006637,0.201805,0.336870,0.015086,0.074642
取得排污许可证排放,0.010265,0.178287,0.318812,0.029557,0.029197
市人民政府应当加强,0.006371,0.201805,0.336870,0.076164,0.015138
县人民政府组织编制,0.003457,0.219760,0.212541,0.045113,0.067961
限制进口的固体废物,0.003589,0.219760,0.212541,0.058333,0.050505
采取有利于固体废物,0.010117,0.329641,0.172430,0.016393,0.050505
行政主管部门和有关,0.014465,0.320663,0.266023,0.108902,0.003487
中华人民共和国法律,0.006385,0.348312,0.195176,0.029353,0.036771
增殖和保护渔业资源,0.003867,0.219760,0.212541,0.013072,0.196522
医疗废物等危险废物,0.004002,0.219760,0.212541,0.048810,0.050505
中央和县级以上地方,0.003563,0.219760,0.212541,0.068890,0.040057
国务院质量监督检验,0.007045,0.201805,0.195176,0.018242,0.087766
依照法律规定的程序,0.012855,0.158651,0.408489,0.003676,0.143780
再制造或者翻新产品,0.004147,0.219760,0.212541,0.012146,0.184492
矿山企业矿区范围内,0.011010,0.178287,0.318812,0.044335,0.015504
其他生产经营者从事,0.006725,0.201805,0.336870,0.025641,0.036145
方面成绩显著的单位,0.022184,0.130026,0.125755,0.014026,0.082515
规定的监督检查职责,0.003435,0.219760,0.212541,0.083333,0.031008
排放环境噪声的单位,0.003683,0.219760,0.212541,0.029197,0.082515
国家或者地方规定的,0.026405,0.298166,0.333892,0.097527,0.001613
对行政机关实施行政,0.017804,0.342091,0.125755,0.004914,0.108902
核设施营运单位应当,0.103253,0.281202,0.743543,0.003717,0.005085
人员的违法失职行为,0.003406,0.219760,0.212541,0.047271,0.053977
当地水行政主管部门,0.003007,0.219760,0.212541,0.022727,0.126761
制定强制性国家标准,0.003417,0.219760,0.212541,0.008143,0.307116
规定缴纳环境保护税,0.006975,0.201805,0.336870,0.083333,0.010000
设区的市级人民政府,0.003071,0.219760,0.212541,0.007264,0.376324
国家工作人员和其他,0.003274,0.219760,0.212541,0.097527,0.025641
渔业行政主管部门和,0.017995,0.303002,0.293048,0.168000,0.001403
坡地开垦种植农作物,0.007676,0.201805,0.195176,0.030928,0.040127
法定项目和标准收费,0.009876,0.219760,0.212541,0.012790,0.061571
停止工地土石方作业,0.003775,0.219760,0.212541,0.040816,0.049630
方式排放放射性废液,0.007540,0.201805,0.336870,0.067657,0.010101
主管部门的工作人员,0.006041,0.201805,0.336870,0.017982,0.047271
本法第二十八条规定,0.006062,0.201805,0.195176,0.017348,0.083333
合理开发利用和保护,0.003361,0.219760,0.212541,0.025641,0.084531
主管部门或者国务院,0.003142,0.219760,0.212541,0.017982,0.127424
野生动物保护及相关,0.003568,0.219760,0.212541,0.066079,0.030129
应当及时向本级人民,0.006454,0.201805,0.195176,0.005085,0.242506
向县级以上人民政府,0.006284,0.348312,0.336870,0.001094,0.376324
进口目录的固体废物,0.003735,0.219760,0.212541,0.033528,0.050505
为了公共利益的需要,0.017425,0.320663,0.138156,0.001953,0.194444
或者个人不得以任何,0.010033,0.178287,0.172430,0.064516,0.014706
处理设施及配套管网,0.010669,0.178287,0.172430,0.405738,0.002186
饮用水供水单位应当,0.009953,0.329641,0.425082,0.040816,0.005085
作出处罚决定的机关,0.006518,0.201805,0.336870,0.008448,0.074642
大气污染物排放状况,0.010410,0.178287,0.172430,0.003741,0.233010
当地公安机关的规定,0.003128,0.219760,0.212541,0.022727,0.083333
部门应当依法加强对,0.006422,0.201805,0.336870,0.126761,0.004684
重点污染物排放总量,0.030166,0.625535,0.195948,0.030263,0.002309
缴纳水土保持补偿费,0.004224,0.219760,0.212541,0.028571,0.045455
合土地利用总体规划,0.012880,0.158651,0.408489,0.000986,0.304167
核事故应急救援工作,0.011423,0.219760,0.212541,0.003717,0.125909
行政主管部门的同意,0.003161,0.219760,0.212541,0.108902,0.015320
符合规定的热电联产,0.003851,0.219760,0.212541,0.271605,0.005019
须经原批准机关批准,0.013379,0.158651,0.206367,0.009174,0.058824
缴纳危险废物排污费,0.007544,0.348312,0.336870,0.028571,0.009259
人民政府有关部门有,0.005862,0.348312,0.336870,0.242506,0.001403
水平放射性固体废物,0.003847,0.219760,0.212541,0.024259,0.050505
依法取得土地使用权,0.006585,0.201805,0.195176,0.077206,0.010920
附着物和青苗的补偿,0.004749,0.219760,0.212541,0.020690,0.046948
单位之间发生的林木,0.003798,0.219760,0.212541,0.082515,0.014689
行政主管部门规定的,0.008497,0.329641,0.425082,0.108902,0.001613
本法第二十一条规定,0.003039,0.219760,0.212541,0.017348,0.083333
核安全监督检查人员,0.010194,0.178287,0.212541,0.011152,0.047271
本法第十六条的规定,0.002956,0.219760,0.212541,0.017348,0.083333
中华人民共和国境外,0.019015,0.216514,0.125755,0.029353,0.013072
海洋环境影响报告书,0.007348,0.348312,0.195176,0.031822,0.012121
收购可再生能源电量,0.007399,0.348312,0.336870,0.042463,0.005202
沙化土地封禁保护区,0.037314,0.467170,0.301446,0.001195,0.030000
乙类或者丙类传染病,0.004547,0.219760,0.212541,0.020202,0.043478
依法应当给予行政处,0.006324,0.348312,0.195176,0.077206,0.005607
批准的水量分配方案,0.006945,0.201805,0.195176,0.058824,0.011551
水土流失的生产建设,0.009515,0.178287,0.172430,0.005391,0.117526
土地利用总体规划划,0.003461,0.219760,0.212541,0.100358,0.011299
经济社会发展需要和,0.003744,0.219760,0.212541,0.305709,0.003378
国家重点大气污染物,0.003541,0.219760,0.212541,0.097527,0.010870
本行政区域的传染病,0.009410,0.329641,0.172430,0.007435,0.043478
人民政府有关部门在,0.008885,0.329641,0.172430,0.242506,0.001403
未经原审批机关批准,0.003702,0.219760,0.212541,0.016556,0.058824
万元以上十万元以下,0.141550,0.361464,0.164342,0.002199,0.008493
公开标准的技术要求,0.003691,0.219760,0.212541,0.012710,0.070946
的部门责令停止建设,0.003428,0.219760,0.212541,0.008065,0.117526
可以向人民法院提起,0.019194,0.404880,0.244175,0.006757,0.011730
作出行政许可决定的,0.055439,0.632801,0.309763,0.008448,0.001613
应当依照本法第二十,0.003160,0.219760,0.212541,0.005085,0.196527
其他生产经营者应当,0.018737,0.130026,0.452306,0.025641,0.005085
全国人民代表大会选,0.010049,0.329641,0.212541,0.175279,0.001147
任何组织和个人都有,0.010539,0.178287,0.172430,0.014706,0.029362
规定征收环境保护税,0.003584,0.219760,0.212541,0.083333,0.010000
依照法定条件和程序,0.006694,0.201805,0.195176,0.003676,0.143780
取得人工繁育许可证,0.007299,0.348312,0.336870,0.029557,0.005405
法律法规规定的其他,0.003073,0.219760,0.212541,0.036771,0.025641
管辖的其他海域从事,0.009870,0.178287,0.318812,0.006557,0.036145
在各自的职责范围内,0.040239,0.169925,0.189266,0.006565,0.015504
暂扣或者吊销许可证,0.011535,0.329641,0.318812,0.020000,0.005405
抚育更新性质的采伐,0.004471,0.219760,0.212541,0.050847,0.012295
向本级人民代表大会,0.029182,0.554220,0.187311,0.003282,0.012907
收回国有土地使用权,0.009870,0.329641,0.425082,0.008493,0.010920
国家规定需要保密的,0.009590,0.178287,0.212541,0.097527,0.003571
依照有关法律的规定,0.006061,0.201805,0.336870,0.003676,0.083333
城市的人民政府应当,0.003100,0.219760,0.212541,0.169576,0.005085
违反本法第三十九条,0.009576,0.329641,0.172430,0.093333,0.002457
必须同时采出而暂时,0.004484,0.219760,0.212541,0.009569,0.060000
为了保护和改善环境,0.003752,0.219760,0.212541,0.001953,0.347826
有关行政许可的规定,0.008697,0.219760,0.212541,0.003487,0.083333
国务院有关部门按照,0.012330,0.213376,0.153439,0.018242,0.015385
总体规划的规划期限,0.003452,0.219760,0.212541,0.017321,0.040000
县级以上人民政府城,0.006290,0.201805,0.195176,0.026316,0.016949
气象主管机构规定的,0.009453,0.219760,0.318812,0.102524,0.001613
集体经济组织的合法,0.003528,0.219760,0.212541,0.037146,0.017751
国务院有关部门应当,0.014887,0.142849,0.549411,0.018242,0.005085
主管部门规定的其他,0.005940,0.201805,0.195176,0.017982,0.025641
其他有关部门在各自,0.009607,0.219760,0.212541,0.025641,0.009317
林业主管部门批准后,0.006556,0.348312,0.195176,0.040678,0.005848
上一级人民政府批准,0.006244,0.348312,0.195176,0.004005,0.058824
公布传染病疫情信息,0.004213,0.219760,0.212541,0.002243,0.221889
机关应当向社会公告,0.006762,0.201805,0.195176,0.074642,0.004860
草原行政主管部门和,0.009115,0.329641,0.318812,0.071895,0.001403
水产种质资源保护区,0.006816,0.201805,0.195176,0.011860,0.030000
法规和国家有关规定,0.002951,0.219760,0.212541,0.007994,0.083333
部门和有关部门应当,0.003004,0.219760,0.212541,0.126761,0.005085
定的草原载畜量标准,0.003859,0.219760,0.212541,0.001613,0.307116
本级人民政府的领导,0.003364,0.219760,0.212541,0.002478,0.228261
排放应税大气污染物,0.006855,0.201805,0.195176,0.029197,0.010870
经省级以上人民政府,0.006236,0.201805,0.195176,0.000921,0.376324
在作出行政许可决定,0.009644,0.219760,0.212541,0.002188,0.086093
大气污染物进行监测,0.006655,0.201805,0.195176,0.003741,0.085799
申报缴纳环境保护税,0.003961,0.219760,0.212541,0.045082,0.010000
防治污染和其他公害,0.016019,0.320663,0.407717,0.026578,0.001495
水生生物重要栖息地,0.010265,0.329641,0.318812,0.007008,0.010989
的部门责令限期改正,0.019464,0.365791,0.125755,0.008065,0.011173
水行政主管部门批准,0.006108,0.201805,0.336870,0.003235,0.058824
环境噪声污染严重的,0.003682,0.219760,0.212541,0.347826,0.001316
百分之十以下的罚款,0.003658,0.219760,0.212541,0.003685,0.122449
农用地分类管理制度,0.003561,0.219760,0.212541,0.004489,0.102606
应当加强对水土保持,0.006724,0.348312,0.336870,0.005085,0.018597
不符合国家有关规定,0.006337,0.348312,0.336870,0.001203,0.083333
优化产业结构和布局,0.004087,0.219760,0.212541,0.029536,0.013017
同级水行政主管部门,0.006109,0.201805,0.336870,0.001393,0.126761
资金的其他组织应当,0.003480,0.219760,0.212541,0.088696,0.005085
环境保护主管部门在,0.003215,0.219760,0.212541,0.347826,0.001403
所属的气象台站应当,0.017733,0.142849,0.549411,0.010256,0.005085
国务院代表国家行使,0.012677,0.158651,0.291383,0.018242,0.006629
可再生能源并网发电,0.010611,0.329641,0.172430,0.004054,0.028617
业行政主管部门批准,0.021023,0.119454,0.298756,0.001585,0.058824
水环境质量改善目标,0.007106,0.348312,0.195176,0.001078,0.132743
必须遵守宪法和法律,0.004121,0.219760,0.212541,0.009569,0.036771
序作出准予行政许可,0.010042,0.219760,0.212541,0.010309,0.013986
下达的捕捞限额指标,0.004282,0.219760,0.212541,0.005540,0.060790
水行政主管部门应当,0.020477,0.384581,0.511297,0.003235,0.005085
级农业行政主管部门,0.003101,0.219760,0.212541,0.003571,0.126761
国家鼓励和引导公民,0.003847,0.219760,0.212541,0.097527,0.003738
任何组织和个人不得,0.007012,0.201805,0.195176,0.014706,0.015945
人民检察院检察长的,0.003724,0.219760,0.212541,0.242506,0.001528
向生态环境主管部门,0.003302,0.219760,0.212541,0.003282,0.126761
行驶区域和行驶路线,0.007626,0.201805,0.195176,0.006629,0.032043
开采方法和选矿工艺,0.007120,0.201805,0.195176,0.008326,0.026861
内河和江海直达船舶,0.004273,0.219760,0.212541,0.003927,0.080000
行政主管部门和同级,0.006021,0.348312,0.195176,0.108902,0.001393
应当将土壤污染防治,0.006731,0.201805,0.336870,0.005085,0.026578
防范措施和应急预案,0.010393,0.219760,0.212541,0.009967,0.012097
可再生能源电价附加,0.004071,0.219760,0.212541,0.004054,0.075862
主管部门和其他有关,0.020991,0.384581,0.115530,0.017982,0.003487
应当与主体工程同时,0.035984,0.215336,0.172430,0.005085,0.008357
机关应当依法加强对,0.003397,0.219760,0.212541,0.074642,0.004684
一切单位和个人都有,0.007155,0.348312,0.195176,0.003865,0.029362
野生动物及其制品出,0.003639,0.219760,0.212541,0.066079,0.004728
本行政区域内传染病,0.003515,0.219760,0.212541,0.007435,0.043478
水行政主管部门会同,0.048291,0.214798,0.341915,0.003235,0.004587
提出环境影响报告书,0.003952,0.219760,0.212541,0.023460,0.012121
资质等级许可的范围,0.003667,0.219760,0.212541,0.010435,0.029014
人民政府财政部门和,0.003096,0.219760,0.212541,0.242506,0.001403
城乡规划主管部门不,0.009671,0.439521,0.172430,0.047382,0.001403
法规的规定予以处罚,0.003135,0.219760,0.212541,0.007994,0.040984
和县级以上地方各级,0.015740,0.142849,0.138156,0.023778,0.006211
大气污染物控制要求,0.003683,0.219760,0.212541,0.003741,0.070946
总量控制指标的要求,0.007075,0.201805,0.195176,0.002309,0.070946
应当取得排污许可证,0.013099,0.422364,0.291383,0.005085,0.005405
主管部门的规定设置,0.005969,0.201805,0.195176,0.017982,0.009685
不能开工的建设用地,0.006241,0.201805,0.195176,0.013237,0.012480
建立放射性废物处置,0.007055,0.348312,0.195176,0.003436,0.024590
核设施营运单位或者,0.003568,0.219760,0.212541,0.003717,0.064516
上一级人民政府备案,0.009500,0.219760,0.172430,0.004005,0.027273
依照治安管理处罚法,0.006547,0.201805,0.195176,0.003676,0.040816
业行政主管部门及其,0.017943,0.216514,0.353774,0.001585,0.017699
国有土地使用权出让,0.022756,0.549401,0.115530,0.006665,0.003912
和土壤污染风险评估,0.020860,0.130026,0.125755,0.001321,0.082474
国务院财政部门会同,0.015776,0.142849,0.195176,0.018242,0.004587
违反本法第二十九条,0.003377,0.219760,0.212541,0.093333,0.002457
有毒有害大气污染物,0.019710,0.365791,0.330854,0.001395,0.010870
上一级人民政府裁决,0.003603,0.219760,0.212541,0.004005,0.052083
万元以上五万元以下,0.046489,0.199012,0.195176,0.002199,0.008493
农用地转为建设用地,0.012760,0.301281,0.153439,0.004489,0.012480
应当符合国家规定的,0.018027,0.365791,0.596678,0.005085,0.001613
按照国家有关规定收,0.006304,0.348312,0.195176,0.015385,0.004839
废物再利用和资源化,0.003605,0.219760,0.212541,0.050505,0.003704
建立核安全经验反馈,0.007727,0.201805,0.195176,0.003436,0.029954
划入基本农田保护区,0.003929,0.219760,0.212541,0.005650,0.030000
使用者应当在规定的,0.003045,0.219760,0.212541,0.127119,0.001613
向农田灌溉渠道排放,0.004873,0.219760,0.212541,0.004376,0.029197
有关部门应当加强对,0.009447,0.439521,0.425082,0.003487,0.004684
出让等有偿使用合同,0.003864,0.219760,0.212541,0.003912,0.040434
必须符合国家规定的,0.009714,0.439521,0.425082,0.009569,0.001613
取得安全生产许可证,0.003627,0.219760,0.212541,0.029557,0.005405
在法律规定的范围内,0.006604,0.348312,0.336870,0.002188,0.015504
违反本法第二十一条,0.003287,0.219760,0.212541,0.093333,0.001831
向全国人民代表大会,0.006678,0.201805,0.195176,0.007659,0.012907
集体经济组织的水塘,0.003957,0.219760,0.212541,0.037146,0.003774
国环境噪声污染防治,0.006805,0.201805,0.336870,0.002105,0.026578
用作原料的固体废物,0.003485,0.219760,0.212541,0.003120,0.050505
本级人民政府批准后,0.028103,0.158651,0.392444,0.002478,0.005848
市场监督管理部门和,0.003416,0.219760,0.212541,0.112877,0.001403
行排污许可管理制度,0.006512,0.201805,0.195176,0.000947,0.102606
主管部门作出行政处,0.006178,0.201805,0.195176,0.017982,0.005607
行政主管部门制定的,0.002894,0.219760,0.212541,0.108902,0.001613
水体的自然净化能力,0.003956,0.219760,0.212541,0.001078,0.113281
依照法律规定的权限,0.009439,0.329641,0.318812,0.003676,0.006024
的水土保持方案未经,0.003509,0.219760,0.212541,0.008065,0.016556
违反本法第二十六条,0.003342,0.219760,0.212541,0.093333,0.001497
违反本法第二十三条,0.003302,0.219760,0.212541,0.093333,0.001507
期限一般不超过二年,0.004213,0.219760,0.212541,0.040000,0.002742
应当按照水污染防治,0.003364,0.219760,0.212541,0.005085,0.026578
水行政主管部门按照,0.006134,0.201805,0.336870,0.003235,0.015385
作出准予行政许可的,0.027880,0.422364,0.153439,0.008448,0.001351
土地行政主管部门和,0.003010,0.219760,0.212541,0.100358,0.001403
主管部门可以指定有,0.015225,0.320663,0.138156,0.017982,0.001613
场内核事故应急预案,0.004101,0.219760,0.212541,0.008368,0.012097
农用地土壤污染防治,0.003468,0.219760,0.212541,0.004489,0.026578
应当为被检查者保守,0.010258,0.178287,0.172430,0.005085,0.011834
按照国家规定的用途,0.003334,0.219760,0.212541,0.015385,0.007800
建立海洋自然保护区,0.003809,0.219760,0.212541,0.003436,0.030000
国务院有关部门可以,0.003124,0.219760,0.212541,0.018242,0.006757
应当按照国务院有关,0.009274,0.329641,0.318812,0.005085,0.003487
附送环境影响报告书,0.004232,0.219760,0.212541,0.006897,0.012121
业行政主管部门应当,0.017518,0.216514,0.535952,0.001585,0.005085
违反本法第二十八条,0.006434,0.201805,0.195176,0.093333,0.000676
违反本法第二十四条,0.003318,0.219760,0.212541,0.093333,0.001103
古树名木和珍贵树木,0.005344,0.219760,0.212541,0.006018,0.010558
依照本法规定的原则,0.003318,0.219760,0.212541,0.003676,0.027732
加油站等的地下油罐,0.004322,0.219760,0.212541,0.012467,0.006148
期限不得超过三十日,0.007285,0.201805,0.195176,0.040000,0.001346
水土流失重点预防区,0.027338,0.580520,0.106963,0.005391,0.001661
有关部门未依照本法,0.006332,0.201805,0.195176,0.003487,0.017348
名录中所列有毒有害,0.014312,0.158651,0.153439,0.007605,0.005579
水行政主管部门责令,0.027183,0.103067,0.187311,0.003235,0.008547
审批部门应当自收到,0.003633,0.219760,0.212541,0.039106,0.002123
水行政主管部门依据,0.003168,0.219760,0.212541,0.003235,0.025735
应当按照国家规定的,0.011881,0.301281,0.408489,0.005085,0.001613
原审批部门重新审核,0.003872,0.219760,0.212541,0.001631,0.039106
填报环境影响登记表,0.004362,0.219760,0.212541,0.013514,0.004184
不依法作出行政许可,0.012523,0.334459,0.206367,0.000903,0.013986
主管部门申报拥有的,0.006776,0.201805,0.195176,0.017982,0.002092
场外核事故应急预案,0.004159,0.219760,0.212541,0.004184,0.012097
向同级人民代表大会,0.003619,0.219760,0.212541,0.004376,0.012907
高效低毒低残留农药,0.005031,0.219760,0.212541,0.003761,0.010101
具备相应救治能力的,0.003897,0.219760,0.212541,0.032000,0.001429
对本级人民代表大会,0.006624,0.201805,0.195176,0.002457,0.012907
水行政主管部门主管,0.003019,0.219760,0.212541,0.003235,0.017982
水行政主管部门同意,0.003285,0.219760,0.212541,0.003235,0.015320
海洋行政主管部门在,0.003277,0.219760,0.212541,0.031822,0.001403
海洋行政主管部门和,0.003181,0.219760,0.212541,0.031822,0.001403
业行政主管部门主管,0.005905,0.201805,0.195176,0.001585,0.017982
水行政主管部门制定,0.005916,0.201805,0.195176,0.003235,0.008143
上一级人民政府有关,0.006036,0.201805,0.336870,0.004005,0.003487
应当会同国务院有关,0.030554,0.096584,0.093411,0.005085,0.003487
水行政等部门和有关,0.005934,0.348312,0.195176,0.003235,0.003487
发包方和承包方应当,0.006868,0.201805,0.195176,0.003180,0.005085
有关部门制定并公布,0.009542,0.329641,0.172430,0.003487,0.002243
对生产和服务过程中,0.003603,0.219760,0.212541,0.002457,0.009693
按照国家有关规定建,0.003213,0.219760,0.212541,0.015385,0.001613
依照本法第三十四条,0.012281,0.334459,0.206367,0.003676,0.001103
必须按照国家规定的,0.003395,0.219760,0.212541,0.009569,0.001613
依照本法第四十四条,0.012322,0.301281,0.153439,0.003676,0.001103
水土保持规划确定的,0.006406,0.201805,0.195176,0.005391,0.001613
对生产过程中产生的,0.012571,0.301281,0.291383,0.002457,0.000672
鼓励金融机构加大对,0.004240,0.219760,0.212541,0.047297,0.000187
中放射性物质的废水,0.003551,0.219760,0.212541,0.000200,0.050505
应当取得行政许可的,0.006127,0.201805,0.195176,0.005085,0.001351
下级卫生行政部门不,0.003326,0.219760,0.212541,0.006464,0.001403
有关行政主管部门对,0.003028,0.219760,0.212541,0.003487,0.002805
业行政主管部门会同,0.003144,0.219760,0.212541,0.001585,0.004587
业应当按照国家有关,0.009225,0.178287,0.212541,0.000792,0.003487
十倍以上二十倍以下,0.003599,0.219760,0.212541,0.000673,0.008493
级水行政主管部门和,0.003008,0.219760,0.212541,0.003571,0.001403
本级人民政府确定的,0.003100,0.219760,0.212541,0.002478,0.001613
是中华人民共和国的,0.003293,0.219760,0.212541,0.005051,0.000175
一一年孙中山先生领,0.000900,0.000000,0.000000,0.001831,0.000672
一万元以上三万元以,0.003662,0.000000,0.000000,0.037225,0.001972
一万元以上二十万元,0.000446,0.000000,0.000000,0.037225,0.002199
一万元以上五万元以,0.036260,0.000000,0.000000,0.037225,0.001972
一万元以上十万元以,0.058553,0.000000,0.000000,0.037225,0.001972
一万吨标准煤以上的,0.000575,0.000000,0.000000,0.037225,0.000668
一万吨标准煤的用能,0.000586,0.000000,0.000000,0.037225,0.000000
一万平方公里以上的,0.000575,0.000000,0.000000,0.037225,0.000668
一且经评估不存在安,0.000720,0.000000,0.000000,0.000000,0.000000
一个公民的神圣职责,0.000747,0.000000,0.000000,0.001424,0.031008
一个机构统一受理行,0.003697,0.000000,0.000000,0.001424,0.003872
一个行政机关行使有,0.003227,0.000000,0.000000,0.001424,0.000000
一个部门受理行政许,0.003418,0.000000,0.000000,0.001424,0.000623
一个需要安置的农业,0.000447,0.000000,0.000000,0.001424,0.193042
一九一一年孙中山先,0.000879,0.000000,0.000000,0.023800,0.000000
一介质相同污染当量,0.000638,0.000000,0.000000,0.000610,0.006494
一以上百分之五以下,0.003714,0.000000,0.000000,0.000407,0.008493
一以上的全国人民代,0.003132,0.000000,0.000000,0.000407,0.016739
一体化农业机械的财,0.000485,0.000000,0.000000,0.004475,0.000000
一体的基本公共服务,0.000461,0.000000,0.000000,0.004475,0.492063
一体的生活垃圾管理,0.000402,0.000000,0.000000,0.004475,0.387978
一侧至海岸线的海域,0.000849,0.000000,0.000000,0.000203,0.000872
一倍以上三倍以下的,0.048716,0.374212,0.147974,0.000814,0.000000
一倍以上三倍以下计,0.003833,0.000000,0.000000,0.000814,0.000000
一倍以上二倍以下的,0.006745,0.201805,0.000000,0.000814,0.000000
一倍以上五倍以下的,0.032553,0.355394,0.093411,0.000814,0.000000
一倍以上五倍以下罚,0.007093,0.000000,0.000000,0.000814,0.000000
一切使用土地的组织,0.000427,0.000000,0.000000,0.003865,0.605114
一切其他海域从事养,0.000647,0.000000,0.000000,0.003865,0.000000
一切可以团结的力量,0.000635,0.000000,0.000000,0.003865,0.051429
一切国家机关和国家,0.000333,0.000000,0.000000,0.003865,0.097527
一切国家机关和武装,0.003945,0.219760,0.000000,0.003865,0.046296
一切国家机关实行精,0.000566,0.000000,0.000000,0.003865,0.000000
一切有关的国家机关,0.000293,0.000000,0.000000,0.003865,0.074642
一切有劳动能力的公,0.000593,0.000000,0.000000,0.003865,0.008065
一切破坏植被的活动,0.000751,0.000000,0.000000,0.003865,0.301333
一切违反宪法和法律,0.000587,0.000000,0.000000,0.003865,0.036771
一办理或者联合办理,0.003799,0.000000,0.000000,0.000000,0.029412
一十五条的规定作出,0.000197,0.000000,0.000000,0.044955,0.008448
一千元以上一万元以,0.000555,0.000000,0.000000,0.147478,0.001972
一发布全国土壤环境,0.000425,0.000000,0.000000,0.001831,0.347826
一发布全国大气环境,0.000410,0.000000,0.000000,0.001831,0.347826
一发布国家水环境状,0.000413,0.000000,0.000000,0.001831,0.000000
一发布国家环境质量,0.000412,0.000000,0.000000,0.001831,0.211679
一发布本行政区域土,0.000349,0.000000,0.000000,0.001831,0.000000
一发布本行政区域大,0.000362,0.000000,0.000000,0.001831,0.000000
一受理行政许可申请,0.003569,0.000000,0.000000,0.000000,0.110656
一和全国各民族团结,0.000564,0.000000,0.000000,0.000814,0.122762
一和致力于中华民族,0.000661,0.000000,0.000000,0.000814,0.083695
一在用机动车检验方,0.000529,0.000000,0.000000,0.000000,0.004975
一地区分类销售电价,0.000677,0.000000,0.000000,0.000610,0.001156
一定的区域作为准保,0.000272,0.000000,0.000000,0.001221,0.005848
一定范围内长期存在,0.000594,0.000000,0.000000,0.001221,0.044898
一届全国人民代表大,0.058564,0.000000,0.000000,0.001424,0.080906
一履行国有森林资源,0.000457,0.000000,0.000000,0.000000,0.196522
一年以上未动工建设,0.000395,0.000000,0.000000,0.006103,0.117526
一年内不得再次申请,0.004118,0.000000,0.000000,0.006103,0.110656
一年内不用而又可以,0.000673,0.000000,0.000000,0.006103,0.006757
一年内未恢复植被或,0.000735,0.000000,0.000000,0.006103,0.000000
一年孙中山先生领导,0.000971,0.000000,0.000000,0.006103,0.228261
一年度从本企业事业,0.000514,0.000000,0.000000,0.006103,0.080706
一年度从本单位取得,0.007189,0.000000,0.195176,0.006103,0.029557
一年需要继续实施的,0.003964,0.000000,0.000000,0.006103,0.000000
一并报送规划审批机,0.000533,0.000000,0.000000,0.000407,0.000000
一并转至具备相应救,0.000815,0.000000,0.000000,0.000407,0.000000
一并附送审批机关审,0.000655,0.000000,0.000000,0.000407,0.000000
一律不得设定行政许,0.000303,0.000000,0.000000,0.001017,0.000623
一战线将继续巩固和,0.001062,0.000000,0.000000,0.001627,0.000000
一户只能拥有一处宅,0.001014,0.000000,0.000000,0.000407,0.000000
一技术要求的有关可,0.000366,0.000000,0.000000,0.000203,0.000000
一排放口征收环境保,0.000515,0.000000,0.000000,0.000000,0.078431
一排放口或者没有排,0.000502,0.000000,0.000000,0.000000,0.000000
一排放口的应税水污,0.000404,0.000000,0.000000,0.000000,0.001078
一方不得改变土地利,0.000484,0.000000,0.000000,0.005492,0.010014
一方不得改变海域使,0.000531,0.000000,0.000000,0.005492,0.000000
一方不得改变草原利,0.000559,0.000000,0.000000,0.005492,0.000000
一方不得砍伐有争议,0.000850,0.000000,0.000000,0.005492,0.036842
一方不得破坏养殖生,0.000689,0.000000,0.000000,0.005492,0.000000
一条和第二十三条的,0.000099,0.000000,0.000000,0.001831,0.000000
一条改为第三十六条,0.000285,0.000000,0.000000,0.001831,0.001497
一条规定的接网费用,0.000335,0.000000,0.000000,0.001831,0.045361
一次使用的医疗器具,0.004074,0.000000,0.212541,0.005696,0.012739
一次全国土壤污染状,0.000515,0.000000,0.000000,0.005696,0.000000
一次告知申请人必须,0.004152,0.000000,0.000000,0.005696,0.009569
一次告知申请人需要,0.004063,0.000000,0.000000,0.005696,0.194444
一次性塑料制品的使,0.003975,0.000000,0.000000,0.005696,0.000000
一次性塑料制品的规,0.000572,0.000000,0.000000,0.005696,0.000000
一次性消费品的生产,0.003734,0.219760,0.000000,0.005696,0.079301
一次缴纳或者按年度,0.000673,0.000000,0.000000,0.005696,0.016113
一次能源消费中的比,0.000679,0.000000,0.000000,0.005696,0.000000
一次野生动物及其栖,0.000600,0.000000,0.000000,0.005696,0.000000
一次饮用水安全状况,0.000636,0.000000,0.000000,0.005696,0.233010
一款名录的野生动物,0.003684,0.000000,0.000000,0.000407,0.089686
一款的规定取得人工,0.000240,0.000000,0.000000,0.000407,0.012683
一款的规定另行办理,0.000359,0.000000,0.000000,0.000407,0.029412
一款的规定撤销行政,0.003411,0.000000,0.000000,0.000407,0.108902
一款规定划定本行政,0.000206,0.000000,0.000000,0.000407,0.108902
一款规定的单位和委,0.000258,0.000000,0.000000,0.000407,0.001321
一款规定的按日连续,0.000527,0.000000,0.000000,0.000407,0.019934
一步减少污染物排放,0.000614,0.000000,0.000000,0.005492,0.029197
一步发挥它的重要作,0.000716,0.000000,0.000000,0.005492,0.006757
一步技术分析即可认,0.004518,0.000000,0.000000,0.005492,0.000000
一水源供水城市的人,0.000344,0.000000,0.000000,0.001017,0.056452
一百一十五条的规定,0.000225,0.000000,0.000000,0.101302,0.083333
一百万以上的城市以,0.000402,0.000000,0.000000,0.101302,0.000000
一百万元以上五百万,0.003918,0.000000,0.000000,0.101302,0.056281
一百万元以下的罚款,0.069408,0.000000,0.258423,0.101302,0.122449
一百五十五条的规定,0.000237,0.000000,0.000000,0.101302,0.083333
一百元以上五百元以,0.000520,0.000000,0.000000,0.101302,0.001972
一百公顷以上的项目,0.000587,0.000000,0.000000,0.101302,0.230769
一的区块登记管理制,0.000566,0.000000,0.000000,0.000000,0.005808
一的危险废物鉴别标,0.003979,0.000000,0.000000,0.000000,0.000000
一的水污染物排放标,0.000282,0.000000,0.000000,0.000000,0.000000
一的财务会计制度处,0.000418,0.000000,0.000000,0.000000,0.000000
一的防治措施的要求,0.000294,0.000000,0.000000,0.000000,0.070946
一祖国的大业是包括,0.000651,0.000000,0.000000,0.000203,0.004301
一种或者几种语言文,0.001061,0.000000,0.000000,0.000610,0.017804
一管理全国标准化工,0.000329,0.000000,0.000000,0.000000,0.064516
一管理本行政区域内,0.000270,0.000000,0.000000,0.000000,0.044444
一类水污染物和其他,0.000338,0.000000,0.000000,0.000203,0.025641
一类水污染物按照前,0.000460,0.000000,0.000000,0.000203,0.000000
一系列递进并且独立,0.000998,0.000000,0.000000,0.000203,0.125000
一级人民代表大会的,0.003330,0.219760,0.212541,0.001424,0.000000
一级人民政府审批前,0.003445,0.000000,0.000000,0.001424,0.000000
一级人民政府批准后,0.000298,0.000000,0.000000,0.001424,0.005848
一级人民政府有关主,0.000167,0.000000,0.000000,0.001424,0.000000
一级人民政府有关行,0.000139,0.000000,0.000000,0.001424,0.001134
一级人民政府有关部,0.000157,0.000000,0.000000,0.001424,0.004535
一级人民政府水行政,0.003009,0.000000,0.000000,0.001424,0.108902
一级人民政府渔业行,0.000229,0.000000,0.000000,0.001424,0.001585
一级人民政府生态环,0.000211,0.000000,0.000000,0.001424,0.016949
一级人民政府的裁决,0.000360,0.000000,0.000000,0.001424,0.052083
一级人民政府的防沙,0.000215,0.000000,0.000000,0.001424,0.003322
一级人民法院应当自,0.003156,0.000000,0.000000,0.001424,0.003247
一级人民法院申请复,0.003499,0.000000,0.000000,0.001424,0.000000
一级保护区内从事网,0.003750,0.000000,0.000000,0.001424,0.000000
一级保护区和二级保,0.000271,0.000000,0.000000,0.001424,0.000000
一级保护野生动物和,0.000321,0.000000,0.000000,0.001424,0.000000
一级保护野生动物的,0.000288,0.000000,0.000000,0.001424,0.000000
一级国家行政机关负,0.000242,0.000000,0.000000,0.001424,0.000000
一级土地利用总体规,0.006525,0.000000,0.000000,0.001424,0.002372
一级支流包括雅砻江,0.001161,0.000000,0.000000,0.001424,0.142857
一级林业草原或者其,0.000383,0.000000,0.000000,0.001424,0.000000
一级水中长期供求规,0.000487,0.000000,0.000000,0.001424,0.000000
一级水行政主管部门,0.003080,0.000000,0.212541,0.001424,0.126761
一级生态环境主管部,0.000254,0.000000,0.000000,0.001424,0.007650
一级的人民代表大会,0.000294,0.000000,0.000000,0.001424,0.012907
一级监察委员会负责,0.000534,0.000000,0.000000,0.001424,0.136364
一般包括流转双方的,0.000857,0.000000,0.000000,0.003051,0.001650
一般应当自形成之日,0.000672,0.000000,0.000000,0.003051,0.004028
一般或者较大固体废,0.000693,0.000000,0.000000,0.003051,0.002372
一般或者较大大气污,0.000675,0.000000,0.000000,0.003051,0.004732
一般或者较大水污染,0.000606,0.000000,0.000000,0.003051,0.379630
一般或者较大海洋环,0.000694,0.000000,0.000000,0.003051,0.006006
一规划国家土壤环境,0.000321,0.000000,0.000000,0.000407,0.347826
一规划国家水环境质,0.000285,0.000000,0.000000,0.000407,0.006536
一规划国家环境质量,0.000325,0.000000,0.000000,0.000407,0.211679
一规划转产转业的农,0.000381,0.000000,0.000000,0.000407,0.000000
一负责全国土地的管,0.000248,0.000000,0.000000,0.000203,0.000000
一运输工具上载运的,0.003901,0.000000,0.000000,0.000000,0.000000
一送达行政许可决定,0.003737,0.000000,0.000000,0.000203,0.086093
一部分支持气象事业,0.000538,0.000000,0.000000,0.002238,0.080706
一项整体建设项目的,0.000431,0.000000,0.000000,0.001017,0.048673
一项至第三项规定的,0.000383,0.000000,0.000000,0.001017,0.001613
一领导下的国家行政,0.000329,0.000000,0.000000,0.000203,0.108902
一领导全国土壤污染,0.000521,0.000000,0.000000,0.000203,0.379630
一领导全国地方各级,0.000493,0.000000,0.000000,0.000203,0.006211
一领导各部和各委员,0.000572,0.000000,0.000000,0.000203,0.514658
七十三条第二款规定,0.000238,0.000000,0.000000,0.282869,0.083333
七十五征收环境保护,0.000417,0.000000,0.000000,0.282869,0.084531
七十八条的规定作出,0.000254,0.000000,0.000000,0.282869,0.008448
七十八条规定名录中,0.003630,0.000000,0.000000,0.282869,0.000000
七十八条规定的行政,0.000137,0.000000,0.000000,0.282869,0.108902
七十年的土地使用权,0.000320,0.000000,0.000000,0.282869,0.010920
七十留给有关地方人,0.000408,0.000000,0.000000,0.282869,0.006601
七届全国人民代表大,0.019847,0.000000,0.000000,0.002988,0.080906
七日内作出执行裁定,0.000642,0.000000,0.000000,0.000996,0.031250
七日前将举行听证的,0.004043,0.000000,0.000000,0.000996,0.000000
七条和第三十一条合,0.000214,0.000000,0.000000,0.000996,0.000000
七条或者第二十八条,0.000246,0.000000,0.000000,0.000996,0.000676
七条的规定进行环境,0.000154,0.000000,0.000000,0.000996,0.347826
七条第一款和第二款,0.000263,0.000000,0.000000,0.000996,0.000000
七条第二款规定以外,0.003342,0.000000,0.000000,0.000996,0.004246
七条规定设定的行政,0.002915,0.000000,0.000000,0.000996,0.108902
七次会议审议通过了,0.000807,0.000000,0.000000,0.001992,0.001629
七次会议第二次修订,0.000682,0.000000,0.000000,0.001992,0.012146
七百公顷以上的项目,0.000619,0.000000,0.000000,0.001992,0.230769
万以上的城市以及国,0.000316,0.000000,0.000000,0.000000,0.000000
万元以上一百万元以,0.077266,0.000000,0.000000,0.002199,0.001972
万元以上三万元以下,0.003712,0.000000,0.000000,0.002199,0.008493
万元以上三十万元以,0.000433,0.000000,0.000000,0.002199,0.001972
万元以上二十万元以,0.117463,0.384115,0.000000,0.002199,0.001972
万元以上二十五万元,0.003658,0.000000,0.000000,0.002199,0.002199
万元以上二百万元以,0.030310,0.000000,0.000000,0.002199,0.001972
万元以上五十万元以,0.114606,0.219271,0.000000,0.002199,0.001972
万元以上五百万元以,0.017070,0.219760,0.000000,0.002199,0.001972
万吨标准煤以上的用,0.000553,0.000000,0.000000,0.002199,0.000000
万吨标准煤的用能单,0.000599,0.000000,0.000000,0.002199,0.000000
万平方公里以上的一,0.000575,0.000000,0.000000,0.000550,0.016129
万平方公里以上的支,0.000641,0.000000,0.000000,0.000550,0.000000
三万元以上二十万元,0.003649,0.000000,0.000000,0.046328,0.002199
三万元以上五万元以,0.003686,0.000000,0.000000,0.046328,0.001972
三万元以上十万元以,0.000433,0.000000,0.000000,0.046328,0.001972
三个月不能开工的建,0.000431,0.000000,0.000000,0.002260,0.016129
三个月以上的排他性,0.000433,0.000000,0.000000,0.002260,0.013333
三人不得损毁或者擅,0.000593,0.000000,0.000000,0.003390,0.000000
三人对执行标的主张,0.000476,0.000000,0.000000,0.003390,0.007992
三人的原因造成的损,0.000384,0.000000,0.000000,0.003390,0.000000
三倍以上九倍以下的,0.000467,0.000000,0.000000,0.001883,0.000000
三倍以上五倍以下的,0.006802,0.201805,0.000000,0.001883,0.000000
三倍以上五倍以下计,0.003856,0.000000,0.000000,0.001883,0.000000
三公里范围内和重要,0.004140,0.000000,0.000000,0.001883,0.027632
三分之二以上成员或,0.013280,0.000000,0.000000,0.005273,0.000000
三分之二以上村民代,0.006941,0.000000,0.000000,0.005273,0.016739
三分之二以上的多数,0.003814,0.000000,0.000000,0.005273,0.011482
三分钟以上的情况下,0.000657,0.000000,0.000000,0.005273,0.041667
三十七条第一款规定,0.003218,0.000000,0.000000,0.132580,0.083333
三十七条第二款规定,0.000238,0.000000,0.000000,0.132580,0.083333
三十三条改为第三十,0.000273,0.000000,0.000000,0.132580,0.132580
三十三条第一款规定,0.000214,0.000000,0.000000,0.132580,0.083333
三十三条第三款规定,0.000221,0.000000,0.000000,0.132580,0.083333
三十三条第二款规定,0.000214,0.000000,0.000000,0.132580,0.083333
三十九条有关河道采,0.000454,0.000000,0.000000,0.132580,0.000000
三十九条第一款规定,0.000251,0.000000,0.000000,0.132580,0.083333
三十九条第二款的规,0.000211,0.000000,0.000000,0.132580,0.000000
